use Restaurant_2

INSERT INTO Position
VALUES
    (1, 'Менеджер ресторану', 'Керує роботою ресторану'),
    (2, 'Офіціант', null),
    (3, 'Шеф-кухар', 'Відповідає за приготування страв'),
    (4, 'Бармен', 'Змішує напої та обслуговує бар'),
    (5, 'Сомельє', 'Рекомендує вина та обслуговує винну карту'),
    (6, 'Кухар', 'Готує страви на кухні'),
    (7, 'Повар', null),
    (8, 'Послуги доставки', 'Доставляє їжу клієнтам'),
    (9, 'Маркетолог ресторану', 'Рекламує ресторан та його послуги'),
    (10, 'Бухгалтер ресторану', 'Веде фінансовий облік ресторану'),
    (11, 'Головний офіціант', 'Координує роботу офіціантів'),
    (12, 'Су-шеф', 'Допомагає шеф-кухару'),
    (13, 'Бариста', 'Приготовлює кавові напої'),
    (14, 'Помічник кухаря', 'Допомагає кухарям'),
    (15, 'Митар', 'Відповідає за чистоту ресторану'),
    (16, 'Адміністратор ресторану', 'Керує адміністративними завданнями'),
    (17, 'Піцайоло', null),
    (18, 'Пекар', 'Приготовлює хліб та випічку'),
    (19, 'Офіціант-бармен', 'Обслуговує гостей і в барі і в ресторані'),
    (20, 'Суспільний захист', 'Забезпечує безпеку гостей та персоналу ресторану');


INSERT INTO Product 
VALUES
    (1, 'Огірок', 1.0),
    (2, 'Помідор', 1.5),
    (3, 'Лук', 0.8),
    (4, 'Картопля', 1.2),
    (5, 'Морква', 1.0),
    (6, 'Яблуко', 2.0),
    (7, 'Банан', 1.8),
    (8, 'Кавун', 3.5),
    (9, 'Курка', 5.0),
    (10, 'Свинина', 6.2),
    (11, 'Риба', 4.5),
    (12, 'Молоко', 1.8),
    (13, 'Хліб', 0.9),
    (14, 'Сир', 3.2),
    (15, 'Мед', 2.5),
    (16, 'Цукор', 1.2),
    (17, 'Сіль', 0.6),
    (18, 'Перець', 1.0),
    (19, 'Паста', 2.2),
    (20, 'Рис', 2.0),
    (21, 'Кавило', 20.0),
    (22, 'Імбир', 5.5),
    (23, 'Манго', 4.0),
    (24, 'Авокадо', 7.5),
    (25, 'Помаранча', 3.0),
    (26, 'Мандарин', 2.2),
    (27, 'Броколі', 2.8),
    (28, 'Креветки', 30.0),
    (29, 'Лосось', 25.0),
    (30, 'Тунець', 18.0);


INSERT INTO Employee (EmployeeId, FirstName, LastName, MiddleName, Birthday, BirthPlace, PositionId, Salary, Bonus, PaymentDate)
VALUES
    (1, 'Іван', 'Петров', 'Олександрович', '1990-05-15', 'Київ', 1, 15000.0, 500.0, '2023-09-30'),
    (2, 'Марія', 'Сидорова', 'Вікторівна', '1985-02-20', 'Львів', 2, 18000.0, 800.0, '2023-09-30'),
    (3, 'Олексій', 'Іванов', 'Сергійович', '1988-07-10', 'Харків', 3, 20000.0, 0.0, '2023-09-30'),
    (4, 'Тетяна', 'Козлова', '', '1995-11-03', 'Одеса', 4, 14000.0, 0.0, '2023-09-30'),
    (5, 'Андрій', 'Морозов', '', '1992-09-25', 'Дніпро', 5, 16000.0, 200.0, '2023-09-30'),
    (6, 'Ольга', 'Лисенко', '', '1994-03-12', 'Київ', 6, 17000.0, 0.0, '2023-09-30'),
    (7, 'Петро', 'Григоров', '', '1989-06-30', 'Львів', 1, 15000.0, 0.0, '2023-09-30'),
    (8, 'Наталія', 'Павлова', '', '1993-08-18', 'Харків', 2, 19000.0, 300.0, '2023-09-30'),
    (9, 'Анна', 'Коваленко', '', '1991-12-05', 'Одеса', 3, 21000.0, 0.0, '2023-09-30'),
    (10, 'Сергій', 'Семенов', 'Анатолійович', '1987-04-17', 'Дніпро', 4, 13000.0, 0.0, '2023-09-30'),
    (11, 'Людмила', 'Кузьміна', '', '1996-01-28', 'Київ', 5, 17000.0, 0.0, '2023-09-30'),
    (12, 'Дмитро', 'Біленький', 'Григорійович', '1998-09-08', 'Львів', 6, 18000.0, 400.0, '2023-09-30'),
    (13, 'Ірина', 'Захарчук', '', '1992-03-05', 'Київ', 1, 15000.0, 0.0, '2023-09-30'),
    (14, 'Ганна', 'Мельник', '', '1990-11-14', 'Харків', 2, 19000.0, 0.0, '2023-09-30'),
    (15, 'Олег', 'Попов', 'Сергійович', '1986-07-20', 'Львів', 7, 22000.0, 0.0, '2023-09-30'),
    (16, 'Світлана', 'Коваленко', '', '1993-09-12', 'Одеса', 8, 24000.0, 600.0, '2023-09-30'),
    (17, 'Андрій', 'Дорош', 'Олегович', '1997-12-30', 'Дніпро', 5, 17000.0, 0.0, '2023-09-30'),
    (18, 'Олена', 'Богданова', 'Андріївна', '1994-04-03', 'Київ', 9, 26000.0, 0.0, '2023-09-30'),
    (19, 'Євген', 'Мороз', 'Вікторович', '1989-08-07', 'Харків', 10, 28000.0, 0.0, '2023-09-30'),
    (20, 'Аліна', 'Сергієнко', '', '1996-06-22', 'Одеса', 11, 22000.0, 0.0, '2023-09-30'),
    (21, 'Валентин', 'Соловйов', 'Петрович', '1991-01-15', 'Львів', 12, 21000.0, 0.0, '2023-09-30'),
    (22, 'Олег', 'Петренко', 'Іванович', '1993-10-18', 'Дніпро', 13, 23000.0, 0.0, '2023-09-30'),
    (23, 'Юлія', 'Білоус', 'Сергіївна', '1990-05-25', 'Харків', 5, 17000.0, 0.0, '2023-09-30'),
    (24, 'Максим', 'Ковалев', '', '1987-11-30', 'Київ', 14, 25000.0, 900.0, '2023-09-30'),
    (25, 'Оксана', 'Гринева', 'Василівна', '1998-03-08', 'Львів', 15, 27000.0, 0.0, '2023-09-30'),
    (26, 'Василь', 'Ігнатенко', 'Павлович', '1994-09-12', 'Одеса', 16, 29000.0, 0.0, '2023-09-30'),
    (27, 'Ніна', 'Симоненко', 'Миколаївна', '1997-07-14', 'Дніпро', 17, 22000.0, 0.0, '2023-09-30'),
    (28, 'Павло', 'Даниленко', 'Григорійович', '1991-02-25', 'Київ', 1, 15000.0, 0.0, '2023-09-30'),
    (29, 'Оксана', 'Лебідь', 'Сергіївна', '1990-12-19', 'Харків', 2, 19000.0, 0.0, '2023-09-30'),
    (30, 'Ігор', 'Журавель', 'Олександрович', '1988-04-01', 'Львів', 6, 17000.0, 0.0, '2023-09-30');
    


INSERT INTO Meal (MealId, Name, Volume, Measure, Price)
VALUES
    (1, 'Картопляне пюре', 250.0, 'грамм', 45.0),
    (2, 'Суп з рибою', 300.0, 'мілілітри', 65.0),
    (3, 'Піца Пепероні', 500.0, 'грамм', 120.0),
    (4, 'Салат Цезар', 200.0, 'грамм', 55.0),
    (5, 'Борщ', 350.0, 'мілілітри', 50.0),
    (6, 'Паста Карбонара', 400.0, 'грамм', 95.0),
    (7, 'Сирники', 150.0, 'грамм', 35.0),
    (8, 'Лосось гриль', 250.0, 'грамм', 150.0),
    (9, 'Чай з медом', 300.0, 'мілілітри', 20.0),
    (10, 'Панакота', 100.0, 'грамм', 40.0),
    (11, 'Пельмені', 200.0, 'грамм', 60.0),
    (12, 'Куряча грудка', 300.0, 'грамм', 80.0),
    (13, 'Картопля фрі', 200.0, 'грамм', 40.0),
    (14, 'Сок апельсиновий', 250.0, 'мілілітри', 25.0),
    (15, 'Лимонад', 350.0, 'мілілітри', 30.0),
    (16, 'Паніні з шинкою', 300.0, 'грамм', 70.0),
    (17, 'Суп-харчо', 300.0, 'мілілітри', 45.0),
    (18, 'Паста з морепродуктами', 400.0, 'грамм', 110.0),
    (19, 'Філе яловичини', 250.0, 'грамм', 135.0),
    (20, 'Місо суп', 350.0, 'мілілітри', 60.0),
    (21, 'Салат Грецький', 200.0, 'грамм', 50.0),
    (22, 'Роли Філадельфія', 300.0, 'грамм', 95.0),
    (23, 'Шоколадний десерт', 150.0, 'грамм', 45.0),
    (24, 'Кава американо', 250.0, 'мілілітри', 30.0),
    (25, 'Крем-суп з броколі', 350.0, 'мілілітри', 50.0),
    (26, 'Сок ананасовий', 250.0, 'мілілітри', 35.0),
    (27, 'Салат з авокадо', 200.0, 'грамм', 75.0),
    (28, 'Паста з грибами', 400.0, 'грамм', 90.0),
    (29, 'Стейк з лосося', 250.0, 'грамм', 160.0),
    (30, 'Чорничний сорбет', 100.0, 'грамм', 35.0);



INSERT INTO MealComposition (MealCompositionId, ProductId, MealId, Count, Measure)
VALUES
    (1, 1, 1, 100.0, 'грами'),
    (2, 2, 1, 200.0, 'грами'),
    (3, 3, 1, 50.0, 'штуки'),
    (4, 4, 1, 150.0, 'грами'),
    (5, 5, 2, 300.0, 'мілілітри'),
    (6, 6, 2, 100.0, 'грами'),
    (7, 7, 3, 150.0, 'грами'),
    (8, 8, 3, 200.0, 'грами'),
    (9, 9, 3, 100.0, 'штуки'),
    (10, 10, 4, 250.0, 'грами'),
    (11, 11, 4, 150.0, 'штуки'),
    (12, 12, 4, 50.0, 'грами'),
    (13, 13, 5, 300.0, 'мілілітри'),
    (14, 14, 5, 50.0, 'грами'),
    (15, 15, 5, 100.0, 'грами'),
    (16, 16, 6, 200.0, 'грами'),
    (17, 17, 6, 100.0, 'штуки'),
    (18, 18, 6, 150.0, 'грами'),
    (19, 19, 7, 250.0, 'грами'),
    (20, 20, 7, 100.0, 'штуки'),
    (21, 21, 7, 50.0, 'грами'),
    (22, 22, 8, 200.0, 'грами'),
    (23, 23, 8, 100.0, 'мілілітри'),
    (24, 24, 8, 150.0, 'грами'),
    (25, 25, 9, 300.0, 'мілілітри'),
    (26, 26, 9, 50.0, 'грами'),
    (27, 27, 9, 100.0, 'штуки'),
    (28, 28, 10, 200.0, 'грами'),
    (29, 29, 10, 100.0, 'штуки'),
    (30, 30, 10, 150.0, 'грами');


INSERT INTO Bill (BillId, EmployeeId, [Table], Date, Time, Sum)
VALUES
    (1, 1, 5, '2023-09-16', '12:30:00', 350.0),
    (2, 2, 7, '2023-09-16', '13:45:00', 280.0),
    (3, 3, 3, '2023-09-16', '14:15:00', 420.0),
    (4, 4, 1, '2023-09-16', '15:00:00', 180.0),
    (5, 5, 4, '2023-09-16', '16:30:00', 240.0),
    (6, 6, 6, '2023-09-16', '17:00:00', 310.0),
    (7, 7, 2, '2023-09-16', '18:15:00', 200.0),
    (8, 8, 8, '2023-09-16', '19:30:00', 380.0),
    (9, 9, 5, '2023-09-16', '20:00:00', 260.0),
    (10, 10, 9, '2023-09-16', '21:15:00', 450.0),
    (11, 11, 3, '2023-09-16', '22:00:00', 320.0),
    (12, 12, 7, '2023-09-15', '12:30:00', 270.0),
    (13, 13, 4, '2023-09-15', '13:45:00', 190.0),
    (14, 14, 8, '2023-09-15', '14:15:00', 380.0),
    (15, 15, 2, '2023-09-15', '15:00:00', 150.0),
    (16, 16, 6, '2023-09-15', '16:30:00', 280.0),
    (17, 17, 1, '2023-09-15', '17:00:00', 210.0),
    (18, 18, 5, '2023-09-15', '18:15:00', 320.0),
    (19, 19, 9, '2023-09-15', '19:30:00', 420.0),
    (20, 20, 3, '2023-09-15', '20:00:00', 240.0),
    (21, 21, 7, '2023-09-15', '21:15:00', 350.0),
    (22, 22, 2, '2023-09-15', '22:00:00', 180.0),
    (23, 23, 5, '2023-09-14', '12:30:00', 320.0),
    (24, 24, 1, '2023-09-14', '13:45:00', 210.0),
    (25, 25, 3, '2023-09-14', '14:15:00', 390.0),
    (26, 26, 6, '2023-09-14', '15:00:00', 160.0),
    (27, 27, 8, '2023-09-14', '16:30:00', 290.0),
    (28, 28, 2, '2023-09-14', '17:00:00', 220.0),
    (29, 29, 4, '2023-09-14', '18:15:00', 280.0),
    (30, 30, 9, '2023-09-14', '19:30:00', 410.0);



INSERT INTO [Order] (OrderId, BillId, MealId, MealCount)
VALUES
    (1, 1, 1, 2),
    (2, 1, 3, 1),
    (3, 2, 2, 2),
    (4, 2, 4, 1),
    (5, 3, 5, 3),
    (6, 3, 6, 1),
    (7, 4, 7, 2),
    (8, 4, 8, 1),
    (9, 5, 9, 1),
    (10, 5, 10, 2),
    (11, 6, 12, 2),
    (12, 6, 13, 1),
    (13, 7, 15, 2),
    (14, 7, 16, 1),
    (15, 8, 18, 3),
    (16, 8, 19, 1),
    (17, 9, 20, 2),
    (18, 9, 22, 1),
    (19, 10, 23, 2),
    (20, 10, 24, 1),
    (21, 11, 26, 3),
    (22, 11, 27, 1),
    (23, 12, 29, 2),
    (24, 12, 30, 1);